{
  "agent": {
    "metrics_collection_interval": 10,
    "logfile": "/var/log/csye6225_stdop.log"
  },
  "logs": {
    "logs_collected": {
      "files": {
        "collect_list": [
          {
            "file_path": "/var/log/csye6225_stdop.log",
            "log_group_name": "csye6225-webapp-log-group",
            "log_stream_name": "csye6225-webapp-log-stream"
          }
        ]
      }
    },
    "log_stream_name": "cloudwatch_log_stream"
  },
  "metrics": {
    "metrics_collected": {
      "statsd": {
        "service_address": ":8125",
        "metrics_collection_interval": 10,
        "metrics_aggregation_interval": 30
      }
    }
  }
}